{
  "version": "3.6",
  "latestVersion": "3.6.7.4",
  "releaseDate": "2024-06-14",
  "eolDate": "2024-10-16",
  "archiveLink": "https://catsblenderplugin.xyz/downloads/blender3.6/",
  "description": "For Blender 3.6, you have the option to use either the official Cats add-on or the unofficial Cats add-on. However, the unofficial Cats add-on is more stable and includes several improvements and bug fixes that are not present in the official version. Since the official Cats add-on is no longer being updated, we recommend using our unofficial version for the best experience. Ultimately, the choice is yours, and we have provided links to both versions below. Please note that the official Cats support channels will NOT provide assistance for the unofficial Cats add-on, and vice versa. To ensure you receive the appropriate support, please only ask for help in the correct support channels for the version you are using. Blender 3.6 EOL is set for 3 Months after Blender 4.2 release date, so the EOL date is 16th October 2024. Archive is only for Unoffical versions only.",
  "unofficial": {
    "githubLink": "https://github.com/unofficalcats/Cats-Blender-Plugin-Unofficial-/releases/tag/3.6.7.1",
    "downloadLink": "https://catsblenderplugin.xyz/downloads/blender3.6/CatsBlenderPlugin3.6Latest.zip",
    "wikiLink": "https://github.com/unofficalcats/Cats-Blender-Plugin-Unofficial-/wiki",
    "discordLink": "https://discord.catsblenderplugin.xyz/"
  },
  "official": {
    "githubLink": "https://github.com/absolute-quantum/cats-blender-plugin/tree/development",
    "downloadLink": "https://catsblenderplugin.xyz/downloads/cats-blender-plugin-development.zip",
    "wikiLink": "https://github.com/absolute-quantum/cats-blender-plugin/blob/development/README.md",
    "discordLink": "https://officialcats.catsblenderplugin.xyz"
  }
}
