{
  "version": "3.6",
  "latestVersion": "3.6.8.1 (Unofficial) 0r Dev (Official)",
  "releaseDate": "2024-07-29",
  "eolDate": "2024-10-16",
  "archiveLink": "https://cdn.neoneko.xyz/catsblenderplugin/blender3.6/",
  "description": "Blender 3.6 LTS offers two support options. The first is the unofficial Cats add-on for Blender 3.6, which is currently supported and includes several fixes not present in the official version. The second option is the official Cats add-on for Blender 3.6. It's important to note that you should not ask for help with the unofficial version in the official Cats Discord server, as no support will be provided there, and vice versa for the official version in the unofficial Discord.",
  "unofficial": {
    "githubLink": "https://github.com/unofficalcats/Cats-Blender-Plugin-Unofficial-/releases/tag/3.6.8.1",
    "downloadLink": "https://cdn.neoneko.xyz/catsblenderplugin/blender3.6/CatsBlenderPlugin3.6Latest.zip",
    "wikiLink": "https://github.com/unofficalcats/Cats-Blender-Plugin-Unofficial-/wiki",
    "discordLink": "https://discord.catsblenderplugin.xyz/"
  },
  "official": {
    "githubLink": "https://github.com/absolute-quantum/cats-blender-plugin/tree/development",
    "downloadLink": "https://cdn.neoneko.xyz/catsblenderplugin/cats-blender-plugin-development.zip",
    "wikiLink": "https://github.com/absolute-quantum/cats-blender-plugin/blob/development/README.md",
    "discordLink": "https://officialcats.catsblenderplugin.xyz"
  }
}
